"","group","lib.size","norm.factors","libID","Donor.ID","Proj.Sub","Sample.location.Plate.Well..Tube..","Sample.Name","Original.Name","Content.Type","Study.Group","Species","Sample.repository.ID","ITN.ID","Sample.Barcode","Sort","Cell.Type","Treatment","Stimulation","Timepoint","Date.collected","Date.received","Researchers","tRNA..ng.ul","RIN","Notes","Genomics.Core.RNA.ng.ul","Sample.ID","Proj.Sub.1","tRNA.ID","tRNA.protocol","cDNA.ID","cDNA.ng.ul","cDNA.0.3ng.ul","cDNA.protocol","lib.protocol","X.x","Sample_Well","index7","index7Sequence","index5","index5Sequence","Lib.Name.for.V2.Sample.Sheet","X.y","median_cv_coverage","mapped_reads_pct","fastq_total_reads","passQC","Viral_genome","salmonQuantCounts","salmonCounts","normSalmonQuantCountsCPM","normSalmonQuantCountsLog2","normSalmonQuantCountsCPMLog2","ptID"
"1","1",2667451.53816101,0.999902739899867,"lib95502","N/A","P546-1",36,"36_MC_Alone_5-10_BL","MC.Alone.5-10.BL","RNA","MC","Human","N/A","N/A","N/A","N/A","LAD2 MCs","Alone","None","Baseline","5/10/23","7/14/23","Ryan Murphy",12.934,9.5,"BRI TS","12.8","S122002","P546-1","tRNA53996","received as RNA","cDNA95221",NA,NA,"Half Vol SmartSeqV4","NexteraXT",NA,"D05","UDP0324","CCAAGAGGTG","UDP0324","AACGAGCCAG","lib95502_CCAAGAGGTG_AACGAGCCAG",36,0.407472,97.7955722206184,4555105,TRUE,"NC_038311.1",0,0,0,0,0,"N/A"
"2","1",2730759.35503059,0.888543049826113,"lib95503","N/A","P546-1",37,"37_MC_Alone_5-10_4h","MC.Alone.5-10.4h","RNA","MC","Human","N/A","N/A","N/A","N/A","LAD2 MCs","Alone","HRV Infection","4 hrs","5/10/23","7/14/23","Ryan Murphy",10.612,NA,"","10.08","S122003","P546-1","tRNA53997","received as RNA","cDNA95222",NA,NA,"Half Vol SmartSeqV4","NexteraXT",NA,"E05","UDP0325","ATATCTGCTT","UDP0325","TAGACAATCT","lib95503_ATATCTGCTT_TAGACAATCT",37,0.411917,97.5883077352046,5379625,TRUE,"NC_038311.1",358,72,131.099065664828,8.48784003382305,7.04547645223013,"N/A"
"3","1",5484032.99365908,1.07437914887488,"lib95504","N/A","P546-1",38,"38_MC_Alone_5-10_8h","MC.Alone.5-10.8h","RNA","MC","Human","N/A","N/A","N/A","N/A","LAD2 MCs","Alone","HRV Infection","8 hrs","5/10/23","7/14/23","Ryan Murphy",4.273,8.1,"BRI TS","4.24","S122004","P546-1","tRNA53998","received as RNA","cDNA95223",NA,NA,"Half Vol SmartSeqV4","NexteraXT",NA,"F05","UDP0326","TGGATCTGGC","UDP0326","CAATGCTGAA","lib95504_TGGATCTGGC_CAATGCTGAA",38,0.374393,97.4382894466817,9311981,TRUE,"NC_038311.1",1006,301,183.441638874746,9.97584796800678,7.52702057990615,"N/A"
"4","1",2111059.86016853,0.936989928717341,"lib95505","N/A","P546-1",39,"39_MC_Alone_5-10_28h","MC.Alone.5-10.28h","RNA","MC","Human","N/A","N/A","N/A","N/A","LAD2 MCs","Alone","HRV Infection","28 hrs","5/10/23","7/14/23","Ryan Murphy",7.468,NA,"","7.68","S122005","P546-1","tRNA53999","received as RNA","cDNA95224",NA,NA,"Half Vol SmartSeqV4","NexteraXT",NA,"G05","UDP0327","TTGAATCCAA","UDP0327","GTCACGGTGT","lib95505_TTGAATCCAA_GTCACGGTGT",39,0.416481,96.9938380461569,3914992,TRUE,"NC_038311.1",447,126,211.741982515036,8.8073549220576,7.73296095269066,"N/A"
"5","1",3023729.1795301,1.04212512602265,"lib95506","N/A","P546-1",40,"40_MC_Alone_5-10_52h","MC.Alone.5-10.52h","RNA","MC","Human","N/A","N/A","N/A","N/A","LAD2 MCs","Alone","HRV Infection","52 hrs","5/10/23","7/14/23","Ryan Murphy",7.362,NA,"","7.36","S122006","P546-1","tRNA54000","received as RNA","cDNA95225",NA,NA,"Half Vol SmartSeqV4","NexteraXT",NA,"H05","UDP0328","CACGGCTAGT","UDP0328","GGTGTACAAG","lib95506_CACGGCTAGT_GGTGTACAAG",40,0.404531,96.0707467645046,5315183,TRUE,"NC_038311.1",532,117,175.941682741136,9.05799172275918,7.46713013831307,"N/A"
"6","1",3364131.2399306,1.0117435384111,"lib95507","N/A","P546-1",41,"41_MC_Alone_5-16_BL","MC.Alone.5-16.BL","RNA","MC","Human","N/A","N/A","N/A","N/A","LAD2 MCs","Alone","None","Baseline","5/16/23","7/14/23","Ryan Murphy",16.082,NA,"","16.4","S122007","P546-1","tRNA54001","received as RNA","cDNA95226",NA,NA,"Half Vol SmartSeqV4","NexteraXT",NA,"A06","UDP0329","GAGCTTGCCG","UDP0329","AGGTTGCAGG","lib95507_GAGCTTGCCG_AGGTTGCAGG",41,0.412048,97.6556630187462,5810982,TRUE,"NC_038311.1",0,0,0,0,0,"N/A"
"7","1",5018679.16411533,1.06197721186717,"lib95509","N/A","P546-1",43,"43_MC_Alone_5-16_8h","MC.Alone.5-16.8h","RNA","MC","Human","N/A","N/A","N/A","N/A","LAD2 MCs","Alone","HRV Infection","8 hrs","5/16/23","7/14/23","Ryan Murphy",4.759,NA,"","4.56","S122009","P546-1","tRNA54003","received as RNA","cDNA95228",NA,NA,"Half Vol SmartSeqV4","NexteraXT",NA,"C06","UDP0331","CAATCCTTGT","UDP0331","CGAAGACGCA","lib95509_CAATCCTTGT_CGAAGACGCA",43,0.354635,97.0904861630798,9018517,TRUE,"NC_038311.1",1066,399,212.406484881946,10.0593444608244,7.73746020644725,"N/A"
"8","1",1487197.51074418,1.02650651799888,"lib95510","N/A","P546-1",44,"44_MC_Alone_5-16_28h","MC.Alone.5-16.28h","RNA","MC","Human","N/A","N/A","N/A","N/A","LAD2 MCs","Alone","HRV Infection","28 hrs","5/16/23","7/14/23","Ryan Murphy",1.613,NA,"","2.08","S122010","P546-1","tRNA54004","received as RNA","cDNA95229",NA,NA,"Half Vol SmartSeqV4","NexteraXT",NA,"D06","UDP0332","CACCTGTTGC","UDP0332","ATTGACACAT","lib95510_CACCTGTTGC_ATTGACACAT",44,0.356543,94.7987146749854,2719001,TRUE,"NC_038311.1",406,155,272.996691472971,8.66888498426625,8.09801466243368,"N/A"
"9","1",1030138.34239789,1.10471547466132,"lib95511","N/A","P546-1",45,"45_MC_Alone_5-16_52h","45.MC.Alone.5-16.52h","RNA","MC","Human","N/A","N/A","N/A","N/A","LAD2 MCs","Alone","HRV Infection","52 hrs","5/16/23","7/14/23","Ryan Murphy",1.149,4.7,"BRI TS","1.52","S122011","P546-1","tRNA54005","received as RNA","cDNA95230",NA,NA,"Half Vol SmartSeqV4","NexteraXT",NA,"E06","UDP0333","CGTCACCTTG","UDP0333","CAGCCGATTG","lib95511_CGTCACCTTG_CAGCCGATTG",45,0.399111,95.019479554805,1649165,TRUE,"NC_038311.1",187,53,181.529016350089,7.55458885167764,7.51198201495562,"N/A"
"10","1",1857920.2479063,1.00509507044423,"lib95512","N/A","P546-1",46,"46_MC_Alone_5-31_BL","MC.Alone.5-31.BL","RNA","MC","Human","N/A","N/A","N/A","N/A","LAD2 MCs","Alone","None","Baseline","5/31/23","7/14/23","Ryan Murphy",10.696,NA,"","9.68","S122012","P546-1","tRNA54006","received as RNA","cDNA95231",NA,NA,"Half Vol SmartSeqV4","NexteraXT",NA,"F06","UDP0334","AATGACTGGT","UDP0334","TCTCACGCGT","lib95512_AATGACTGGT_TCTCACGCGT",46,0.42085,96.5783675429284,3219662,TRUE,"NC_038311.1",0,2,0,0,0,"N/A"
"11","1",2896738.82446618,0.934285708354074,"lib95513","N/A","P546-1",47,"47_MC_Alone_5-31_4h","MC.Alone.5-31.4h","RNA","MC","Human","N/A","N/A","N/A","N/A","LAD2 MCs","Alone","HRV Infection","4 hrs","5/31/23","7/14/23","Ryan Murphy",3.417,NA,"","3.12","S122013","P546-1","tRNA54007","received as RNA","cDNA95232",NA,NA,"Half Vol SmartSeqV4","NexteraXT",NA,"G06","UDP0335","ATGATTCCGG","UDP0335","CTCTGACGTG","lib95513_ATGATTCCGG_CTCTGACGTG",47,0.393156,97.0934358683047,5252972,TRUE,"NC_038311.1",353,78,121.861176098626,8.467605550083,6.94088528857121,"N/A"
"12","1",1639505.45289582,1.01116031904073,"lib95514","N/A","P546-1",48,"48_MC_Alone_5-31_8h","MC.Alone.5-31.8h","RNA","MC","Human","N/A","N/A","N/A","N/A","LAD2 MCs","Alone","HRV Infection","8 hrs","5/31/23","7/14/23","Ryan Murphy",30.844,NA,"","30.16","S122014","P546-1","tRNA54008","received as RNA","cDNA95233",NA,NA,"Half Vol SmartSeqV4","NexteraXT",NA,"H06","UDP0336","TTAGGCTCAA","UDP0336","TCGAATGGAA","lib95514_TTAGGCTCAA_TCGAATGGAA",48,0.430789,95.8628423495329,2855342,TRUE,"NC_038311.1",459,90,279.962472335349,8.84549005094438,8.13423363484269,"N/A"
"13","1",2203049.52598343,0.973496362388548,"lib95515","N/A","P546-1",49,"49_MC_Alone_5-31_28h","MC.Alone.5-31.28h","RNA","MC","Human","N/A","N/A","N/A","N/A","LAD2 MCs","Alone","HRV Infection","28 hrs","5/31/23","7/14/23","Ryan Murphy",3.993,NA,"","3.68","S122015","P546-1","tRNA54009","received as RNA","cDNA95234",NA,NA,"Half Vol SmartSeqV4","NexteraXT",NA,"A07","UDP0337","TGTAAGGTGG","UDP0337","AAGGCCTTGG","lib95515_TGTAAGGTGG_AAGGCCTTGG",49,0.344362,95.509529444901,4313735,TRUE,"NC_038311.1",299,89,135.720961546031,8.22881869049588,7.09509063827951,"N/A"
"14","1",4972457.65477853,0.99487913586704,"lib95516","N/A","P546-1",50,"50_MC_Alone_5-31_52h","MC.Alone.5-31.52h","RNA","MC","Human","N/A","N/A","N/A","N/A","LAD2 MCs","Alone","HRV Infection","52 hrs","5/31/23","7/14/23","Ryan Murphy",5.406,NA,"","5.2","S122016","P546-1","tRNA54010","received as RNA","cDNA95235",NA,NA,"Half Vol SmartSeqV4","NexteraXT",NA,"B07","UDP0338","CAACTGCAAC","UDP0338","TGAACGCAAC","lib95516_CAACTGCAAC_TGAACGCAAC",50,0.388884,97.1039103561381,9565139,TRUE,"NC_038311.1",884,179,177.779291725185,9.78953364497036,7.48203582643248,"N/A"
"15","1",2268598.72440078,1.00567860043682,"lib95517","N/A","P546-1",51,"51_MC_AEC32_5-10_8h","MC.AEC32.5-10.8h","RNA","MC","Human","N/A","N/A","N/A","N/A","LAD2 MCs","AECs","HRV Infection","8 hrs","5/10/23","7/14/23","Ryan Murphy",20.182,9.3,"BRI TS","21.04","S122017","P546-1","tRNA54011","received as RNA","cDNA95236",NA,NA,"Half Vol SmartSeqV4","NexteraXT",NA,"C07","UDP0339","ACATGAGTGA","UDP0339","CCGCTTAGCT","lib95517_ACATGAGTGA_CCGCTTAGCT",51,0.424021,96.4234848341089,3899606,TRUE,"NC_038311.1",581,131,256.105230841767,9.18487534290828,8.00621515207663,"N/A"
"16","1",2648894.51679036,0.935396295693882,"lib95518","N/A","P546-1",52,"52_MC_AEC32_5-10_28h","MC.AEC32.5-10.28h","RNA","MC","Human","N/A","N/A","N/A","N/A","LAD2 MCs","AECs","HRV Infection","28 hrs","5/10/23","7/14/23","Ryan Murphy",8.242,NA,"","8.24","S122018","P546-1","tRNA54012","received as RNA","cDNA95237",NA,NA,"Half Vol SmartSeqV4","NexteraXT",NA,"D07","UDP0340","GCAACCAGTC","UDP0340","CACCGAGGAA","lib95518_GCAACCAGTC_CACCGAGGAA",52,0.408254,97.0629494171534,5037775,TRUE,"NC_038311.1",638,171,240.855192970485,9.319672120947,7.9179997045787,"N/A"
"17","1",2602255.31511079,1.04500061846995,"lib95519","N/A","P546-1",53,"53_MC_AEC32_5-10_52h","MC.AEC32.5-10.52h","RNA","MC","Human","N/A","N/A","N/A","N/A","LAD2 MCs","AECs","HRV Infection","52 hrs","5/10/23","7/14/23","Ryan Murphy",9.89,NA,"","10.72","S122019","P546-1","tRNA54013","received as RNA","cDNA95238",NA,NA,"Half Vol SmartSeqV4","NexteraXT",NA,"E07","UDP0341","GAGCGACGAT","UDP0341","CGTATAATCA","lib95519_GAGCGACGAT_CGTATAATCA",53,0.418828,96.9655216833845,4316162,TRUE,"NC_038311.1",502,86,192.909587727609,8.97441458980553,7.59924032805753,"N/A"
"18","1",2194621.66531525,0.983784554526638,"lib95520","N/A","P546-1",54,"54_MC_AEC19_5-16_8h","MC.AEC19.5-16.8h","RNA","MC","Human","N/A","N/A","N/A","N/A","LAD2 MCs","AECs","HRV Infection","8 hrs","5/16/23","7/14/23","Ryan Murphy",7.642,NA,"","7.76","S122020","P546-1","tRNA54014","received as RNA","cDNA95239",NA,NA,"Half Vol SmartSeqV4","NexteraXT",NA,"F07","UDP0342","CGAACGCACC","UDP0342","ATGACAGAAC","lib95520_CGAACGCACC_ATGACAGAAC",54,0.419454,96.9789816179713,3809808,TRUE,"NC_038311.1",508,95,231.474977226668,8.9915218460757,7.86093162782862,"N/A"
"19","1",3674409.54328037,0.984780364928567,"lib95521","N/A","P546-1",55,"55_MC_AEC19_5-16_28h","MC.AEC19.5-16.28h","RNA","MC","Human","N/A","N/A","N/A","N/A","LAD2 MCs","AECs","HRV Infection","28 hrs","5/16/23","7/14/23","Ryan Murphy",6.555,NA,"","6.08","S122021","P546-1","tRNA54015","received as RNA","cDNA95240",9,NA,"Half Vol SmartSeqV4","NexteraXT",NA,"G07","UDP0343","TCTTACGCCG","UDP0343","ATTCATTGCA","lib95521_TCTTACGCCG_ATTCATTGCA",55,0.370629,96.1401104890355,6628169,TRUE,"NC_038311.1",1391,444,378.56422470484,10.4429434958487,8.56820020933821,"N/A"
"20","1",4628919.61830896,1.03044773682878,"lib95522","N/A","P546-1",56,"56_MC_AEC19_5-16_52h","MC.AEC19.5-16.52h","RNA","MC","Human","N/A","N/A","N/A","N/A","LAD2 MCs","AECs","HRV Infection","52 hrs","5/16/23","7/14/23","Ryan Murphy",4.594,NA,"","5.04","S122022","P546-1","tRNA54016","received as RNA","cDNA95241",NA,NA,"Half Vol SmartSeqV4","NexteraXT",NA,"H07","UDP0344","AGCTGATGTC","UDP0344","TCATGTCCTG","lib95522_AGCTGATGTC_TCATGTCCTG",56,0.388893,96.8470043875819,7708574,TRUE,"NC_038311.1",1635,362,353.214169788781,10.6759570329417,8.46847811579767,"N/A"
"21","1",5190618.51070368,1.03519719965731,"lib95523","N/A","P546-1",57,"57_MC_AEC27_5-16_8h","MC.AEC27.5-16.8h","RNA","MC","Human","N/A","N/A","N/A","N/A","LAD2 MCs","AECs","HRV Infection","8 hrs","5/16/23","7/14/23","Ryan Murphy",2.245,NA,"","2.48","S122023","P546-1","tRNA54017","received as RNA","cDNA95242",NA,NA,"Half Vol SmartSeqV4","NexteraXT",NA,"A08","UDP0345","CTGAATTAGT","UDP0345","AATTCGATCG","lib95523_CTGAATTAGT_AATTCGATCG",57,0.355159,97.3682263741794,9638025,TRUE,"NC_038311.1",1205,437,232.149597878392,10.2360141919001,7.86511213118597,"N/A"
"22","1",5049666.82713729,0.957169946432343,"lib95524","N/A","P546-1",58,"58_MC_AEC27_5-16_28h","MC.AEC27.5-16.28h","RNA","MC","Human","N/A","N/A","N/A","N/A","LAD2 MCs","AECs","HRV Infection","28 hrs","5/16/23","7/14/23","Ryan Murphy",3.536,NA,"","3.84","S122024","P546-1","tRNA54018","received as RNA","cDNA95243",NA,NA,"Half Vol SmartSeqV4","NexteraXT",NA,"B08","UDP0346","TAAGGAGGAA","UDP0346","TTCCGACATT","lib95524_TAAGGAGGAA_TTCCGACATT",58,0.375911,97.2662841295383,9663550,TRUE,"NC_038311.1",1960,567,388.144419641077,10.9373738201921,8.60416185869578,"N/A"
"23","1",4298947.80132272,1.0611135783763,"lib95525","N/A","P546-1",59,"59_MC_AEC27_5-16_52h","MC.AEC27.5-16.52h","RNA","MC","Human","N/A","N/A","N/A","N/A","LAD2 MCs","AECs","HRV Infection","52 hrs","5/16/23","7/14/23","Ryan Murphy",2.252,8.5,"BRI TS","2.8","S122025","P546-1","tRNA54019","received as RNA","cDNA95244",NA,NA,"Half Vol SmartSeqV4","NexteraXT",NA,"C08","UDP0347","AGCTTACACA","UDP0347","TGGCACGACC","lib95525_AGCTTACACA_TGGCACGACC",59,0.378301,96.9733939477641,6965558,TRUE,"NC_038311.1",1580,413,367.531794527456,10.6266216523584,8.52564528081381,"N/A"
"24","1",3441090.94666279,1.01359762170591,"lib95526","N/A","P546-1",60,"60_MC_AEC12_5-31_8h","MC.AEC12.5-31.8h","RNA","MC","Human","N/A","N/A","N/A","N/A","LAD2 MCs","AECs","HRV Infection","8 hrs","5/31/23","7/14/23","Ryan Murphy",17.484,NA,"","17.12","S122026","P546-1","tRNA54020","received as RNA","cDNA95245",NA,NA,"Half Vol SmartSeqV4","NexteraXT",NA,"D08","UDP0348","AACCAGCCAC","UDP0348","GCCACAGCAC","lib95526_AACCAGCCAC_GCCACAGCAC",60,0.409096,96.9162757887311,6078624,TRUE,"NC_038311.1",896,186,260.382539691069,9.80896417491926,8.03001896234484,"N/A"
"25","1",2139906.49908208,0.919897697353366,"lib95527","N/A","P546-1",61,"61_MC_AEC12_5-31_28h","MC.AEC12.5-31.28h","RNA","MC","Human","N/A","N/A","N/A","N/A","LAD2 MCs","AECs","HRV Infection","28 hrs","5/31/23","7/14/23","Ryan Murphy",13.692,NA,"","12.56","S122027","P546-1","tRNA54021","received as RNA","cDNA95246",NA,NA,"Half Vol SmartSeqV4","NexteraXT",NA,"E08","UDP0349","CTTAAGTCGA","UDP0349","CAGTAGTTGT","lib95527_CTTAAGTCGA_CAGTAGTTGT",61,0.421699,96.8796073450351,4064841,TRUE,"NC_038311.1",361,79,168.698959582978,8.49984588708321,7.40683390958117,"N/A"
"26","1",2623694.01194521,1.04209912612546,"lib95528","N/A","P546-1",62,"62_MC_AEC12_5-31_52h","MC.AEC12.5-31.52h","RNA","MC","Human","N/A","N/A","N/A","N/A","LAD2 MCs","AECs","HRV Infection","52 hrs","5/31/23","7/14/23","Ryan Murphy",9.357,NA,"","8.64","S122028","P546-1","tRNA54022","received as RNA","cDNA95247",NA,NA,"Half Vol SmartSeqV4","NexteraXT",NA,"F08","UDP0350","GCCTAACGTG","UDP0350","AGCTCTCAAG","lib95528_GCCTAACGTG_AGCTCTCAAG",62,0.410571,97.2778515621845,4333195,TRUE,"NC_038311.1",358,69,136.448838305873,8.48784003382305,7.10275090326482,"N/A"
"27","1",1877548.4901266,0.999871918584357,"lib95529","N/A","P546-1",63,"63_MC_AEC14_5-31_8h","MC.AEC14.5-31.8h","RNA","MC","Human","N/A","N/A","N/A","N/A","LAD2 MCs","AECs","HRV Infection","8 hrs","5/31/23","7/14/23","Ryan Murphy",16.457,9.3,"BRI TS","16.96","S122029","P546-1","tRNA54023","received as RNA","cDNA95248",NA,NA,"Half Vol SmartSeqV4","NexteraXT",NA,"G08","UDP0351","ACTTACTTCA","UDP0351","TCTGGAATTA","lib95529_ACTTACTTCA_TCTGGAATTA",63,0.43116,96.3806656548418,3219266,TRUE,"NC_038311.1",507,107,270.032972605578,8.98868468677217,8.08232456357121,"N/A"
"28","1",1596676.45663089,0.902368197102506,"lib95530","N/A","P546-1",64,"64_MC_AEC14_5-31_28h","MC.AEC14.5-31.28h","RNA","MC","Human","N/A","N/A","N/A","N/A","LAD2 MCs","AECs","HRV Infection","28 hrs","5/31/23","7/14/23","Ryan Murphy",17.354,NA,"","17.28","S122030","P546-1","tRNA54024","received as RNA","cDNA95249",NA,NA,"Half Vol SmartSeqV4","NexteraXT",NA,"H08","UDP0352","CGCATTCCGT","UDP0352","ATTAGTGGAG","lib95530_CGCATTCCGT_ATTAGTGGAG",64,0.427114,96.06646293938,3157489,TRUE,"NC_038311.1",365,88,228.599850949251,8.51569983828404,7.84297789522541,"N/A"
"29","1",4822832.7498426,1.05849553878865,"lib95531","N/A","P546-1",65,"65_MC_AEC14_5-31_52h","MC.AEC14.5-31.52h","RNA","MC","Human","N/A","N/A","N/A","N/A","LAD2 MCs","AECs","HRV Infection","52 hrs","5/31/23","7/14/23","Ryan Murphy",8.821,NA,"","9.6","S122031","P546-1","tRNA54025","received as RNA","cDNA95250",13.4,0.31,"Half Vol SmartSeqV4","NexteraXT",NA,"A09","UDP0353","GATATCACAC","UDP0353","GACTATATGT","lib95531_GATATCACAC_GACTATATGT",65,0.38726,97.6466347398061,8133799,TRUE,"NC_038311.1",864,155,179.147825523951,9.75655632252409,7.49303742758025,"N/A"
