Proj-Sub,"Sample location
Plate Well/ Tube #",Sample Name,Original Name,Content Type,Study Group,Species,Donor ID,Sample repository ID,ITN ID,Sample Barcode,Sort,Cell Type,Treatment,Stimulation,Timepoint, Date collected,Date received,Researchers,"tRNA 
ng/ul",RIN,Notes,Genomics Core RNA ng/ul,Sample ID,Proj-Sub,tRNA ID,tRNA protocol,cDNA ID,cDNA ng/ul,cDNA 0.3ng/ul,cDNA protocol,lib ID,lib protocol,,Sample_Well,index7,index7Sequence,index5,index5Sequence,Lib Name for V2 Sample Sheet
P546-1,1,1_AEC32_Alone_BL,AEC32.Alone.BL,RNA,AEC,Human,32,N/A,N/A,N/A,N/A,Airway Epithelial Cells,Alone,None,Baseline,5/10/23,7/14/23,Ryan Murphy,145.312,,,43.36,S121967,P546-1,tRNA53961,received as RNA,cDNA95186,,,Half Vol SmartSeqV4,lib95467,NexteraXT,,A01,UDP0289,GAACAATTCC,UDP0289,TAGAGTTGGA,lib95467_GAACAATTCC_TAGAGTTGGA
P546-1,2,2_AEC32_Alone_8h,AEC32.Alone.8h,RNA,AEC,Human,32,N/A,N/A,N/A,N/A,Airway Epithelial Cells,Alone,None,8 hrs,5/10/23,7/14/23,Ryan Murphy,84.981,5.6,BRI TS,26,S121968,P546-1,tRNA53962,received as RNA,cDNA95187,,,Half Vol SmartSeqV4,lib95468,NexteraXT,,B01,UDP0290,TGTGGTCCGG,UDP0290,AGAGCACTAG,lib95468_TGTGGTCCGG_AGAGCACTAG
P546-1,3,3_AEC32_Alone_28h,AEC32.Alone.28h,RNA,AEC,Human,32,N/A,N/A,N/A,N/A,Airway Epithelial Cells,Alone,None,28 hrs,5/10/23,7/14/23,Ryan Murphy,14.896,,,16.48,S121969,P546-1,tRNA53963,received as RNA,cDNA95188,,,Half Vol SmartSeqV4,lib95469,NexteraXT,,C01,UDP0291,CTTCTAAGTC,UDP0291,ACTCTACAGG,lib95469_CTTCTAAGTC_ACTCTACAGG
P546-1,4,4_AEC32_Alone_52h,AEC32.Alone.52h,RNA,AEC,Human,32,N/A,N/A,N/A,N/A,Airway Epithelial Cells,Alone,None,52 hrs,5/10/23,7/14/23,Ryan Murphy,103.652,,,33.44,S121970,P546-1,tRNA53964,received as RNA,cDNA95189,,,Half Vol SmartSeqV4,lib95470,NexteraXT,,D01,UDP0292,AATATTGCCA,UDP0292,CGGTGACACC,lib95470_AATATTGCCA_CGGTGACACC
P546-1,5,5_AEC32_MC_8h,AEC32.MC.8h,RNA,AEC,Human,32,N/A,N/A,N/A,N/A,Airway Epithelial Cells,MCs,HRV-Infected MCs,8 hrs,5/10/23,7/14/23,Ryan Murphy,197.517,,,63.44,S121971,P546-1,tRNA53965,received as RNA,cDNA95190,16.4,,Half Vol SmartSeqV4,lib95471,NexteraXT,,E01,UDP0293,TCGTGCATTC,UDP0293,GCGTTGGTAT,lib95471_TCGTGCATTC_GCGTTGGTAT
P546-1,6,6_AEC32_MC_28h,AEC32.MC.28h,RNA,AEC,Human,32,N/A,N/A,N/A,N/A,Airway Epithelial Cells,MCs,HRV-Infected MCs,28 hrs,5/10/23,7/14/23,Ryan Murphy,56.002,,,57.84,S121972,P546-1,tRNA53966,received as RNA,cDNA95191,,,Half Vol SmartSeqV4,lib95472,NexteraXT,,F01,UDP0294,AAGATACACG,UDP0294,TGTGCTAACA,lib95472_AAGATACACG_TGTGCTAACA
P546-1,7,7_AEC32_MC_52h,AEC32.MC.52h,RNA,AEC,Human,32,N/A,N/A,N/A,N/A,Airway Epithelial Cells,MCs,HRV-Infected MCs,52 hrs,5/10/23,7/14/23,Ryan Murphy,81.827,,,28,S121973,P546-1,tRNA53967,received as RNA,cDNA95192,,,Half Vol SmartSeqV4,lib95473,NexteraXT,,G01,UDP0295,TGCAATGAAT,UDP0295,CCAGAAGTAA,lib95473_TGCAATGAAT_CCAGAAGTAA
P546-1,8,8_AEC19_Alone_BL,AEC19.Alone.BL,RNA,AEC,Human,19,N/A,N/A,N/A,N/A,Airway Epithelial Cells,Alone,None,Baseline,5/16/23,7/14/23,Ryan Murphy,22.164,,,22.16,S121974,P546-1,tRNA53968,received as RNA,cDNA95193,,,Half Vol SmartSeqV4,lib95474,NexteraXT,,H01,UDP0296,CTATGAAGGA,UDP0296,CTTATACCTG,lib95474_CTATGAAGGA_CTTATACCTG
P546-1,9,9_AEC19_Alone_8h,AEC19.Alone.8h,RNA,AEC,Human,19,N/A,N/A,N/A,N/A,Airway Epithelial Cells,Alone,None,8 hrs,5/16/23,7/14/23,Ryan Murphy,44.189,,,43.44,S121975,P546-1,tRNA53969,received as RNA,cDNA95194,,,Half Vol SmartSeqV4,lib95475,NexteraXT,,A02,UDP0297,GAAGACTAGA,UDP0297,ACTAGAACTT,lib95475_GAAGACTAGA_ACTAGAACTT
P546-1,10,10_AEC19_Alone_28h,AEC19.Alone.28h,RNA,AEC,Human,19,N/A,N/A,N/A,N/A,Airway Epithelial Cells,Alone,None,28 hrs,5/16/23,7/14/23,Ryan Murphy,21.454,,,21.36,S121976,P546-1,tRNA53970,received as RNA,cDNA95195,,,Half Vol SmartSeqV4,lib95476,NexteraXT,,B02,UDP0298,AGGAGTCGAG,UDP0298,TTAGGCTTAC,lib95476_AGGAGTCGAG_TTAGGCTTAC
P546-1,11,11_AEC19_Alone_52h,AEC19.Alone.52h,RNA,AEC,Human,19,N/A,N/A,N/A,N/A,Airway Epithelial Cells,Alone,None,52 hrs,5/16/23,7/14/23,Ryan Murphy,17.998,,,11.68,S121977,P546-1,tRNA53971,received as RNA,cDNA95196,,,Half Vol SmartSeqV4,lib95477,NexteraXT,,C02,UDP0299,TTCACTCACT,UDP0299,TATCATGAGA,lib95477_TTCACTCACT_TATCATGAGA
P546-1,12,12_AEC19_MC_8h,AEC19.MC.8h,RNA,AEC,Human,19,N/A,N/A,N/A,N/A,Airway Epithelial Cells,MCs,HRV-Infected MCs,8 hrs,5/16/23,7/14/23,Ryan Murphy,31.309,8.6,BRI TS,14.4,S121978,P546-1,tRNA53972,received as RNA,cDNA95197,,,Half Vol SmartSeqV4,lib95478,NexteraXT,,D02,UDP0300,GGTCCGCTTC,UDP0300,CTCACACAAG,lib95478_GGTCCGCTTC_CTCACACAAG
P546-1,13,13_AEC19_MC_28h,AEC19.MC.28h,RNA,AEC,Human,19,N/A,N/A,N/A,N/A,Airway Epithelial Cells,MCs,HRV-Infected MCs,28 hrs,5/16/23,7/14/23,Ryan Murphy,36.009,,,2.32,S121979,P546-1,tRNA53973,received as RNA,cDNA95198,,,Half Vol SmartSeqV4,lib95479,NexteraXT,,E02,UDP0301,CAACGAGAGC,UDP0301,GAATTGAGTG,lib95479_CAACGAGAGC_GAATTGAGTG
P546-1,14,14_AEC19_MC_52h,AEC19.MC.52h,RNA,AEC,Human,19,N/A,N/A,N/A,N/A,Airway Epithelial Cells,MCs,HRV-Infected MCs,52 hrs,5/16/23,7/14/23,Ryan Murphy,23.984,,,22.16,S121980,P546-1,tRNA53974,received as RNA,cDNA95199,,,Half Vol SmartSeqV4,lib95480,NexteraXT,,F02,UDP0302,ATTGAGGTCC,UDP0302,CGGATTATAT,lib95480_ATTGAGGTCC_CGGATTATAT
P546-1,15,15_AEC27_Alone_BL,AEC27.Alone.BL,RNA,AEC,Human,27,N/A,N/A,N/A,N/A,Airway Epithelial Cells,Alone,None,Baseline,5/16/23,7/14/23,Ryan Murphy,41.984,,,55.36,S121981,P546-1,tRNA53975,received as RNA,cDNA95200,,,Half Vol SmartSeqV4,lib95481,NexteraXT,,G02,UDP0303,GGAGAGACTC,UDP0303,TTGAAGCAGA,lib95481_GGAGAGACTC_TTGAAGCAGA
P546-1,16,16_AEC27_Alone_8h,AEC27.Alone.8h,RNA,AEC,Human,27,N/A,N/A,N/A,N/A,Airway Epithelial Cells,Alone,None,8 hrs,5/16/23,7/14/23,Ryan Murphy,31.789,,,31.12,S121982,P546-1,tRNA53976,received as RNA,cDNA95201,12.5,,Half Vol SmartSeqV4,lib95482,NexteraXT,,H02,UDP0304,CCGCTCCGTT,UDP0304,TACGGCGAAG,lib95482_CCGCTCCGTT_TACGGCGAAG
P546-1,17,17_AEC27_Alone_28h,AEC27.Alone.28h,RNA,AEC,Human,27,N/A,N/A,N/A,N/A,Airway Epithelial Cells,Alone,None,28 hrs,5/16/23,7/14/23,Ryan Murphy,18.706,,,19.04,S121983,P546-1,tRNA53977,received as RNA,cDNA95202,,0.27,Half Vol SmartSeqV4,lib95483,NexteraXT,,A03,UDP0305,ATACATCACA,UDP0305,TCTCCATTGA,lib95483_ATACATCACA_TCTCCATTGA
P546-1,18,18_AEC27_Alone_52h,AEC27.Alone.52h,RNA,AEC,Human,27,N/A,N/A,N/A,N/A,Airway Epithelial Cells,Alone,None,52 hrs,5/16/23,7/14/23,Ryan Murphy,32.337,,,32.16,S121984,P546-1,tRNA53978,received as RNA,cDNA95203,,,Half Vol SmartSeqV4,lib95484,NexteraXT,,B03,UDP0306,TAGGTATGTT,UDP0306,CGAGACCAAG,lib95484_TAGGTATGTT_CGAGACCAAG
P546-1,19,19_AEC27_MC_8h,AEC27.MC.8h,RNA,AEC,Human,27,N/A,N/A,N/A,N/A,Airway Epithelial Cells,MCs,HRV-Infected MCs,8 hrs,5/16/23,7/14/23,Ryan Murphy,23.793,,,23.36,S121985,P546-1,tRNA53979,received as RNA,cDNA95204,,,Half Vol SmartSeqV4,lib95485,NexteraXT,,C03,UDP0307,CACCTAGCAC,UDP0307,TGCTGGACAT,lib95485_CACCTAGCAC_TGCTGGACAT
P546-1,20,20_AEC27_MC_28h,AEC27.MC.28h,RNA,AEC,Human,27,N/A,N/A,N/A,N/A,Airway Epithelial Cells,MCs,HRV-Infected MCs,28 hrs,5/16/23,7/14/23,Ryan Murphy,22.618,,,21.12,S121986,P546-1,tRNA53980,received as RNA,cDNA95205,,,Half Vol SmartSeqV4,lib95486,NexteraXT,,D03,UDP0308,TTCAAGTATG,UDP0308,GATGGTATCG,lib95486_TTCAAGTATG_GATGGTATCG
P546-1,21,21_AEC27_MC_52h,AEC27.MC.52h,RNA,AEC,Human,27,N/A,N/A,N/A,N/A,Airway Epithelial Cells,MCs,HRV-Infected MCs,52 hrs,5/16/23,7/14/23,Ryan Murphy,31.661,,,31.36,S121987,P546-1,tRNA53981,received as RNA,cDNA95206,,,Half Vol SmartSeqV4,lib95487,NexteraXT,,E03,UDP0309,TTAAGACAAG,UDP0309,GGCTTAATTG,lib95487_TTAAGACAAG_GGCTTAATTG
P546-1,22,22_AEC12_Alone_BL,AEC12.Alone.BL,RNA,AEC,Human,12,N/A,N/A,N/A,N/A,Airway Epithelial Cells,Alone,None,Baseline,5/31/23,7/14/23,Ryan Murphy,87.245,9,BRI TS,24,S121988,P546-1,tRNA53982,received as RNA,cDNA95207,,,Half Vol SmartSeqV4,lib95488,NexteraXT,,F03,UDP0310,CACCTCTCTT,UDP0310,CTCGACTCCT,lib95488_CACCTCTCTT_CTCGACTCCT
P546-1,23,23_AEC12_Alone_8h,AEC12.Alone.8h,RNA,AEC,Human,12,N/A,N/A,N/A,N/A,Airway Epithelial Cells,Alone,None,8 hrs,5/31/23,7/14/23,Ryan Murphy,93.809,,,29.52,S121989,P546-1,tRNA53983,received as RNA,cDNA95208,,,Half Vol SmartSeqV4,lib95489,NexteraXT,,G03,UDP0311,TTCTCGTGCA,UDP0311,ATACACAGAG,lib95489_TTCTCGTGCA_ATACACAGAG
P546-1,24,24_AEC12_Alone_28h,AEC12.Alone.28h,RNA,AEC,Human,12,N/A,N/A,N/A,N/A,Airway Epithelial Cells,Alone,None,28 hrs,5/31/23,7/14/23,Ryan Murphy,45.196,,,44.08,S121990,P546-1,tRNA53984,received as RNA,cDNA95209,,,Half Vol SmartSeqV4,lib95490,NexteraXT,,H03,UDP0312,GCTAGGAAGT,UDP0312,TCTCGGACGA,lib95490_GCTAGGAAGT_TCTCGGACGA
P546-1,25,25_AEC12_Alone_52h,AEC12.Alone.52h,RNA,AEC,Human,12,N/A,N/A,N/A,N/A,Airway Epithelial Cells,Alone,None,52 hrs,5/31/23,7/14/23,Ryan Murphy,107.41,,,32.72,S121991,P546-1,tRNA53985,received as RNA,cDNA95210,,,Half Vol SmartSeqV4,lib95491,NexteraXT,,A04,UDP0313,TTAATAGCAC,UDP0313,ACCACGTCTG,lib95491_TTAATAGCAC_ACCACGTCTG
P546-1,26,26_AEC12_MC_8h,AEC12.MC.8h,RNA,AEC,Human,12,N/A,N/A,N/A,N/A,Airway Epithelial Cells,MCs,HRV-Infected MCs,8 hrs,5/31/23,7/14/23,Ryan Murphy,99.669,,,29.92,S121992,P546-1,tRNA53986,received as RNA,cDNA95211,,,Half Vol SmartSeqV4,lib95492,NexteraXT,,B04,UDP0314,CATTCACGCT,UDP0314,GTTGTACTCA,lib95492_CATTCACGCT_GTTGTACTCA
P546-1,27,27_AEC12_MC_28h,AEC12.MC.28h,RNA,AEC,Human,12,N/A,N/A,N/A,N/A,Airway Epithelial Cells,MCs,HRV-Infected MCs,28 hrs,5/31/23,7/14/23,Ryan Murphy,104.561,,,30.8,S121993,P546-1,tRNA53987,received as RNA,cDNA95212,,,Half Vol SmartSeqV4,lib95493,NexteraXT,,C04,UDP0315,GGCACTAAGG,UDP0315,TCAGGTCAAC,lib95493_GGCACTAAGG_TCAGGTCAAC
P546-1,28,28_AEC12_MC_52h,AEC12.MC.52h,RNA,AEC,Human,12,N/A,N/A,N/A,N/A,Airway Epithelial Cells,MCs,HRV-Infected MCs,52 hrs,5/31/23,7/14/23,Ryan Murphy,50.168,,,48.96,S121994,P546-1,tRNA53988,received as RNA,cDNA95213,25.2,,Half Vol SmartSeqV4,lib95494,NexteraXT,,D04,UDP0316,ATTCGGTACA,UDP0316,AGTCCGAGGA,lib95494_ATTCGGTACA_AGTCCGAGGA
P546-1,29,29_AEC14_Alone_BL,AEC14.Alone.BL,RNA,AEC,Human,14,N/A,N/A,N/A,N/A,Airway Epithelial Cells,Alone,None,Baseline,5/31/23,7/14/23,Ryan Murphy,29.161,,,16,S121995,P546-1,tRNA53989,received as RNA,cDNA95214,,,Half Vol SmartSeqV4,lib95495,NexteraXT,,E04,UDP0317,ACTAATCTCC,UDP0317,CACTTAATCT,lib95495_ACTAATCTCC_CACTTAATCT
P546-1,30,30_AEC14_Alone_8h,AEC14.Alone.8h,RNA,AEC,Human,14,N/A,N/A,N/A,N/A,Airway Epithelial Cells,Alone,None,8 hrs,5/31/23,7/14/23,Ryan Murphy,66.226,,,19.36,S121996,P546-1,tRNA53990,received as RNA,cDNA95215,,,Half Vol SmartSeqV4,lib95496,NexteraXT,,F04,UDP0318,TGTGTTAGTA,UDP0318,TACTCTGTTA,lib95496_TGTGTTAGTA_TACTCTGTTA
P546-1,31,31_AEC14_Alone_28h,AEC14.Alone.28h,RNA,AEC,Human,14,N/A,N/A,N/A,N/A,Airway Epithelial Cells,Alone,None,28 hrs,5/31/23,7/14/23,Ryan Murphy,59.173,,,7.28,S121997,P546-1,tRNA53991,received as RNA,cDNA95216,,,Half Vol SmartSeqV4,lib95497,NexteraXT,,G04,UDP0319,CAACGACCTA,UDP0319,GCGACTCGAT,lib95497_CAACGACCTA_GCGACTCGAT
P546-1,32,32_AEC14_Alone_52h,AEC14.Alone.52h,RNA,AEC,Human,14,N/A,N/A,N/A,N/A,Airway Epithelial Cells,Alone,None,52 hrs,5/31/23,7/14/23,Ryan Murphy,41.809,,,41.36,S121998,P546-1,tRNA53992,received as RNA,cDNA95217,,,Half Vol SmartSeqV4,lib95498,NexteraXT,,H04,UDP0320,CGGTCGGCAT,UDP0320,CTAGGCAAGG,lib95498_CGGTCGGCAT_CTAGGCAAGG
P546-1,33,33_AEC14_MC_8h,AEC14.MC.8h,RNA,AEC,Human,14,N/A,N/A,N/A,N/A,Airway Epithelial Cells,MCs,HRV-Infected MCs,8 hrs,5/31/23,7/14/23,Ryan Murphy,39.153,,,40.08,S121999,P546-1,tRNA53993,received as RNA,cDNA95218,,,Half Vol SmartSeqV4,lib95499,NexteraXT,,A05,UDP0321,TCGACGCTAG,UDP0321,CCTCTTCGAA,lib95499_TCGACGCTAG_CCTCTTCGAA
P546-1,34,34_AEC14_MC_28h,AEC14.MC.28h,RNA,AEC,Human,14,N/A,N/A,N/A,N/A,Airway Epithelial Cells,MCs,HRV-Infected MCs,28 hrs,5/31/23,7/14/23,Ryan Murphy,18.414,,,18.8,S122000,P546-1,tRNA53994,received as RNA,cDNA95219,,,Half Vol SmartSeqV4,lib95500,NexteraXT,,B05,UDP0322,CTCGTAGGCA,UDP0322,TCATCCTCTT,lib95500_CTCGTAGGCA_TCATCCTCTT
P546-1,35,35_AEC14_MC_52h,AEC14.MC.52h,RNA,AEC,Human,14,N/A,N/A,N/A,N/A,Airway Epithelial Cells,MCs,HRV-Infected MCs,52 hrs,5/31/23,7/14/23,Ryan Murphy,63.321,,,23.6,S122001,P546-1,tRNA53995,received as RNA,cDNA95220,,,Half Vol SmartSeqV4,lib95501,NexteraXT,,C05,UDP0323,AAGTTCTAGT,UDP0323,GGTAAGATAA,lib95501_AAGTTCTAGT_GGTAAGATAA
P546-1,36,36_MC_Alone_5-10_BL,MC.Alone.5-10.BL,RNA,MC,Human,N/A,N/A,N/A,N/A,N/A,LAD2 MCs,Alone,None,Baseline,5/10/23,7/14/23,Ryan Murphy,12.934,9.5,BRI TS,12.8,S122002,P546-1,tRNA53996,received as RNA,cDNA95221,,,Half Vol SmartSeqV4,lib95502,NexteraXT,,D05,UDP0324,CCAAGAGGTG,UDP0324,AACGAGCCAG,lib95502_CCAAGAGGTG_AACGAGCCAG
P546-1,37,37_MC_Alone_5-10_4h,MC.Alone.5-10.4h,RNA,MC,Human,N/A,N/A,N/A,N/A,N/A,LAD2 MCs,Alone,HRV Infection,4 hrs,5/10/23,7/14/23,Ryan Murphy,10.612,,,10.08,S122003,P546-1,tRNA53997,received as RNA,cDNA95222,,,Half Vol SmartSeqV4,lib95503,NexteraXT,,E05,UDP0325,ATATCTGCTT,UDP0325,TAGACAATCT,lib95503_ATATCTGCTT_TAGACAATCT
P546-1,38,38_MC_Alone_5-10_8h,MC.Alone.5-10.8h,RNA,MC,Human,N/A,N/A,N/A,N/A,N/A,LAD2 MCs,Alone,HRV Infection,8 hrs,5/10/23,7/14/23,Ryan Murphy,4.273,8.1,BRI TS,4.24,S122004,P546-1,tRNA53998,received as RNA,cDNA95223,,,Half Vol SmartSeqV4,lib95504,NexteraXT,,F05,UDP0326,TGGATCTGGC,UDP0326,CAATGCTGAA,lib95504_TGGATCTGGC_CAATGCTGAA
P546-1,39,39_MC_Alone_5-10_28h,MC.Alone.5-10.28h,RNA,MC,Human,N/A,N/A,N/A,N/A,N/A,LAD2 MCs,Alone,HRV Infection,28 hrs,5/10/23,7/14/23,Ryan Murphy,7.468,,,7.68,S122005,P546-1,tRNA53999,received as RNA,cDNA95224,,,Half Vol SmartSeqV4,lib95505,NexteraXT,,G05,UDP0327,TTGAATCCAA,UDP0327,GTCACGGTGT,lib95505_TTGAATCCAA_GTCACGGTGT
P546-1,40,40_MC_Alone_5-10_52h,MC.Alone.5-10.52h,RNA,MC,Human,N/A,N/A,N/A,N/A,N/A,LAD2 MCs,Alone,HRV Infection,52 hrs,5/10/23,7/14/23,Ryan Murphy,7.362,,,7.36,S122006,P546-1,tRNA54000,received as RNA,cDNA95225,,,Half Vol SmartSeqV4,lib95506,NexteraXT,,H05,UDP0328,CACGGCTAGT,UDP0328,GGTGTACAAG,lib95506_CACGGCTAGT_GGTGTACAAG
P546-1,41,41_MC_Alone_5-16_BL,MC.Alone.5-16.BL,RNA,MC,Human,N/A,N/A,N/A,N/A,N/A,LAD2 MCs,Alone,None,Baseline,5/16/23,7/14/23,Ryan Murphy,16.082,,,16.4,S122007,P546-1,tRNA54001,received as RNA,cDNA95226,,,Half Vol SmartSeqV4,lib95507,NexteraXT,,A06,UDP0329,GAGCTTGCCG,UDP0329,AGGTTGCAGG,lib95507_GAGCTTGCCG_AGGTTGCAGG
P546-1,42,42_MC_Alone_5-16_4h,MC.Alone.5-16.4h,RNA,MC,Human,N/A,N/A,N/A,N/A,N/A,LAD2 MCs,Alone,HRV Infection,4 hrs,5/16/23,7/14/23,Ryan Murphy,1.874,,,2.16,S122008,P546-1,tRNA54002,received as RNA,cDNA95227,,,Half Vol SmartSeqV4,lib95508,NexteraXT,,B06,UDP0330,AGCTAGCTTC,UDP0330,TAATACGGAG,lib95508_AGCTAGCTTC_TAATACGGAG
P546-1,43,43_MC_Alone_5-16_8h,MC.Alone.5-16.8h,RNA,MC,Human,N/A,N/A,N/A,N/A,N/A,LAD2 MCs,Alone,HRV Infection,8 hrs,5/16/23,7/14/23,Ryan Murphy,4.759,,,4.56,S122009,P546-1,tRNA54003,received as RNA,cDNA95228,,,Half Vol SmartSeqV4,lib95509,NexteraXT,,C06,UDP0331,CAATCCTTGT,UDP0331,CGAAGACGCA,lib95509_CAATCCTTGT_CGAAGACGCA
P546-1,44,44_MC_Alone_5-16_28h,MC.Alone.5-16.28h,RNA,MC,Human,N/A,N/A,N/A,N/A,N/A,LAD2 MCs,Alone,HRV Infection,28 hrs,5/16/23,7/14/23,Ryan Murphy,1.613,,,2.08,S122010,P546-1,tRNA54004,received as RNA,cDNA95229,,,Half Vol SmartSeqV4,lib95510,NexteraXT,,D06,UDP0332,CACCTGTTGC,UDP0332,ATTGACACAT,lib95510_CACCTGTTGC_ATTGACACAT
P546-1,45,45_MC_Alone_5-16_52h,45.MC.Alone.5-16.52h,RNA,MC,Human,N/A,N/A,N/A,N/A,N/A,LAD2 MCs,Alone,HRV Infection,52 hrs,5/16/23,7/14/23,Ryan Murphy,1.149,4.7,BRI TS,1.52,S122011,P546-1,tRNA54005,received as RNA,cDNA95230,,,Half Vol SmartSeqV4,lib95511,NexteraXT,,E06,UDP0333,CGTCACCTTG,UDP0333,CAGCCGATTG,lib95511_CGTCACCTTG_CAGCCGATTG
P546-1,46,46_MC_Alone_5-31_BL,MC.Alone.5-31.BL,RNA,MC,Human,N/A,N/A,N/A,N/A,N/A,LAD2 MCs,Alone,None,Baseline,5/31/23,7/14/23,Ryan Murphy,10.696,,,9.68,S122012,P546-1,tRNA54006,received as RNA,cDNA95231,,,Half Vol SmartSeqV4,lib95512,NexteraXT,,F06,UDP0334,AATGACTGGT,UDP0334,TCTCACGCGT,lib95512_AATGACTGGT_TCTCACGCGT
P546-1,47,47_MC_Alone_5-31_4h,MC.Alone.5-31.4h,RNA,MC,Human,N/A,N/A,N/A,N/A,N/A,LAD2 MCs,Alone,HRV Infection,4 hrs,5/31/23,7/14/23,Ryan Murphy,3.417,,,3.12,S122013,P546-1,tRNA54007,received as RNA,cDNA95232,,,Half Vol SmartSeqV4,lib95513,NexteraXT,,G06,UDP0335,ATGATTCCGG,UDP0335,CTCTGACGTG,lib95513_ATGATTCCGG_CTCTGACGTG
P546-1,48,48_MC_Alone_5-31_8h,MC.Alone.5-31.8h,RNA,MC,Human,N/A,N/A,N/A,N/A,N/A,LAD2 MCs,Alone,HRV Infection,8 hrs,5/31/23,7/14/23,Ryan Murphy,30.844,,,30.16,S122014,P546-1,tRNA54008,received as RNA,cDNA95233,,,Half Vol SmartSeqV4,lib95514,NexteraXT,,H06,UDP0336,TTAGGCTCAA,UDP0336,TCGAATGGAA,lib95514_TTAGGCTCAA_TCGAATGGAA
P546-1,49,49_MC_Alone_5-31_28h,MC.Alone.5-31.28h,RNA,MC,Human,N/A,N/A,N/A,N/A,N/A,LAD2 MCs,Alone,HRV Infection,28 hrs,5/31/23,7/14/23,Ryan Murphy,3.993,,,3.68,S122015,P546-1,tRNA54009,received as RNA,cDNA95234,,,Half Vol SmartSeqV4,lib95515,NexteraXT,,A07,UDP0337,TGTAAGGTGG,UDP0337,AAGGCCTTGG,lib95515_TGTAAGGTGG_AAGGCCTTGG
P546-1,50,50_MC_Alone_5-31_52h,MC.Alone.5-31.52h,RNA,MC,Human,N/A,N/A,N/A,N/A,N/A,LAD2 MCs,Alone,HRV Infection,52 hrs,5/31/23,7/14/23,Ryan Murphy,5.406,,,5.2,S122016,P546-1,tRNA54010,received as RNA,cDNA95235,,,Half Vol SmartSeqV4,lib95516,NexteraXT,,B07,UDP0338,CAACTGCAAC,UDP0338,TGAACGCAAC,lib95516_CAACTGCAAC_TGAACGCAAC
P546-1,51,51_MC_AEC32_5-10_8h,MC.AEC32.5-10.8h,RNA,MC,Human,N/A,N/A,N/A,N/A,N/A,LAD2 MCs,AECs,HRV Infection,8 hrs,5/10/23,7/14/23,Ryan Murphy,20.182,9.3,BRI TS,21.04,S122017,P546-1,tRNA54011,received as RNA,cDNA95236,,,Half Vol SmartSeqV4,lib95517,NexteraXT,,C07,UDP0339,ACATGAGTGA,UDP0339,CCGCTTAGCT,lib95517_ACATGAGTGA_CCGCTTAGCT
P546-1,52,52_MC_AEC32_5-10_28h,MC.AEC32.5-10.28h,RNA,MC,Human,N/A,N/A,N/A,N/A,N/A,LAD2 MCs,AECs,HRV Infection,28 hrs,5/10/23,7/14/23,Ryan Murphy,8.242,,,8.24,S122018,P546-1,tRNA54012,received as RNA,cDNA95237,,,Half Vol SmartSeqV4,lib95518,NexteraXT,,D07,UDP0340,GCAACCAGTC,UDP0340,CACCGAGGAA,lib95518_GCAACCAGTC_CACCGAGGAA
P546-1,53,53_MC_AEC32_5-10_52h,MC.AEC32.5-10.52h,RNA,MC,Human,N/A,N/A,N/A,N/A,N/A,LAD2 MCs,AECs,HRV Infection,52 hrs,5/10/23,7/14/23,Ryan Murphy,9.89,,,10.72,S122019,P546-1,tRNA54013,received as RNA,cDNA95238,,,Half Vol SmartSeqV4,lib95519,NexteraXT,,E07,UDP0341,GAGCGACGAT,UDP0341,CGTATAATCA,lib95519_GAGCGACGAT_CGTATAATCA
P546-1,54,54_MC_AEC19_5-16_8h,MC.AEC19.5-16.8h,RNA,MC,Human,N/A,N/A,N/A,N/A,N/A,LAD2 MCs,AECs,HRV Infection,8 hrs,5/16/23,7/14/23,Ryan Murphy,7.642,,,7.76,S122020,P546-1,tRNA54014,received as RNA,cDNA95239,,,Half Vol SmartSeqV4,lib95520,NexteraXT,,F07,UDP0342,CGAACGCACC,UDP0342,ATGACAGAAC,lib95520_CGAACGCACC_ATGACAGAAC
P546-1,55,55_MC_AEC19_5-16_28h,MC.AEC19.5-16.28h,RNA,MC,Human,N/A,N/A,N/A,N/A,N/A,LAD2 MCs,AECs,HRV Infection,28 hrs,5/16/23,7/14/23,Ryan Murphy,6.555,,,6.08,S122021,P546-1,tRNA54015,received as RNA,cDNA95240,9,,Half Vol SmartSeqV4,lib95521,NexteraXT,,G07,UDP0343,TCTTACGCCG,UDP0343,ATTCATTGCA,lib95521_TCTTACGCCG_ATTCATTGCA
P546-1,56,56_MC_AEC19_5-16_52h,MC.AEC19.5-16.52h,RNA,MC,Human,N/A,N/A,N/A,N/A,N/A,LAD2 MCs,AECs,HRV Infection,52 hrs,5/16/23,7/14/23,Ryan Murphy,4.594,,,5.04,S122022,P546-1,tRNA54016,received as RNA,cDNA95241,,,Half Vol SmartSeqV4,lib95522,NexteraXT,,H07,UDP0344,AGCTGATGTC,UDP0344,TCATGTCCTG,lib95522_AGCTGATGTC_TCATGTCCTG
P546-1,57,57_MC_AEC27_5-16_8h,MC.AEC27.5-16.8h,RNA,MC,Human,N/A,N/A,N/A,N/A,N/A,LAD2 MCs,AECs,HRV Infection,8 hrs,5/16/23,7/14/23,Ryan Murphy,2.245,,,2.48,S122023,P546-1,tRNA54017,received as RNA,cDNA95242,,,Half Vol SmartSeqV4,lib95523,NexteraXT,,A08,UDP0345,CTGAATTAGT,UDP0345,AATTCGATCG,lib95523_CTGAATTAGT_AATTCGATCG
P546-1,58,58_MC_AEC27_5-16_28h,MC.AEC27.5-16.28h,RNA,MC,Human,N/A,N/A,N/A,N/A,N/A,LAD2 MCs,AECs,HRV Infection,28 hrs,5/16/23,7/14/23,Ryan Murphy,3.536,,,3.84,S122024,P546-1,tRNA54018,received as RNA,cDNA95243,,,Half Vol SmartSeqV4,lib95524,NexteraXT,,B08,UDP0346,TAAGGAGGAA,UDP0346,TTCCGACATT,lib95524_TAAGGAGGAA_TTCCGACATT
P546-1,59,59_MC_AEC27_5-16_52h,MC.AEC27.5-16.52h,RNA,MC,Human,N/A,N/A,N/A,N/A,N/A,LAD2 MCs,AECs,HRV Infection,52 hrs,5/16/23,7/14/23,Ryan Murphy,2.252,8.5,BRI TS,2.8,S122025,P546-1,tRNA54019,received as RNA,cDNA95244,,,Half Vol SmartSeqV4,lib95525,NexteraXT,,C08,UDP0347,AGCTTACACA,UDP0347,TGGCACGACC,lib95525_AGCTTACACA_TGGCACGACC
P546-1,60,60_MC_AEC12_5-31_8h,MC.AEC12.5-31.8h,RNA,MC,Human,N/A,N/A,N/A,N/A,N/A,LAD2 MCs,AECs,HRV Infection,8 hrs,5/31/23,7/14/23,Ryan Murphy,17.484,,,17.12,S122026,P546-1,tRNA54020,received as RNA,cDNA95245,,,Half Vol SmartSeqV4,lib95526,NexteraXT,,D08,UDP0348,AACCAGCCAC,UDP0348,GCCACAGCAC,lib95526_AACCAGCCAC_GCCACAGCAC
P546-1,61,61_MC_AEC12_5-31_28h,MC.AEC12.5-31.28h,RNA,MC,Human,N/A,N/A,N/A,N/A,N/A,LAD2 MCs,AECs,HRV Infection,28 hrs,5/31/23,7/14/23,Ryan Murphy,13.692,,,12.56,S122027,P546-1,tRNA54021,received as RNA,cDNA95246,,,Half Vol SmartSeqV4,lib95527,NexteraXT,,E08,UDP0349,CTTAAGTCGA,UDP0349,CAGTAGTTGT,lib95527_CTTAAGTCGA_CAGTAGTTGT
P546-1,62,62_MC_AEC12_5-31_52h,MC.AEC12.5-31.52h,RNA,MC,Human,N/A,N/A,N/A,N/A,N/A,LAD2 MCs,AECs,HRV Infection,52 hrs,5/31/23,7/14/23,Ryan Murphy,9.357,,,8.64,S122028,P546-1,tRNA54022,received as RNA,cDNA95247,,,Half Vol SmartSeqV4,lib95528,NexteraXT,,F08,UDP0350,GCCTAACGTG,UDP0350,AGCTCTCAAG,lib95528_GCCTAACGTG_AGCTCTCAAG
P546-1,63,63_MC_AEC14_5-31_8h,MC.AEC14.5-31.8h,RNA,MC,Human,N/A,N/A,N/A,N/A,N/A,LAD2 MCs,AECs,HRV Infection,8 hrs,5/31/23,7/14/23,Ryan Murphy,16.457,9.3,BRI TS,16.96,S122029,P546-1,tRNA54023,received as RNA,cDNA95248,,,Half Vol SmartSeqV4,lib95529,NexteraXT,,G08,UDP0351,ACTTACTTCA,UDP0351,TCTGGAATTA,lib95529_ACTTACTTCA_TCTGGAATTA
P546-1,64,64_MC_AEC14_5-31_28h,MC.AEC14.5-31.28h,RNA,MC,Human,N/A,N/A,N/A,N/A,N/A,LAD2 MCs,AECs,HRV Infection,28 hrs,5/31/23,7/14/23,Ryan Murphy,17.354,,,17.28,S122030,P546-1,tRNA54024,received as RNA,cDNA95249,,,Half Vol SmartSeqV4,lib95530,NexteraXT,,H08,UDP0352,CGCATTCCGT,UDP0352,ATTAGTGGAG,lib95530_CGCATTCCGT_ATTAGTGGAG
P546-1,65,65_MC_AEC14_5-31_52h,MC.AEC14.5-31.52h,RNA,MC,Human,N/A,N/A,N/A,N/A,N/A,LAD2 MCs,AECs,HRV Infection,52 hrs,5/31/23,7/14/23,Ryan Murphy,8.821,,,9.6,S122031,P546-1,tRNA54025,received as RNA,cDNA95250,13.4,0.31,Half Vol SmartSeqV4,lib95531,NexteraXT,,A09,UDP0353,GATATCACAC,UDP0353,GACTATATGT,lib95531_GATATCACAC_GACTATATGT
,,,,,,,,,,,,,,,,,,,,,,,,,,,,,,,,,,,,,,,
,,,,,,,,,,,,,,,,,,,,,,*diluted some of the higher conc. ,,,,,,,,,,,,,,,,,
,,,,,,,,,,,,,,,,,,,,,,samples before measuring again.,,,,,,,,,,,,,,,,,