"","module","lib95502","lib95503","lib95504","lib95505","lib95506","lib95507","lib95509","lib95510","lib95511","lib95512","lib95513","lib95514","lib95515","lib95516","lib95517","lib95518","lib95519","lib95520","lib95521","lib95522","lib95523","lib95524","lib95525","lib95526","lib95527","lib95528","lib95529","lib95530","lib95531"
"1","00",3.67792333785769,3.76694518975995,4.06853140520525,3.98702905239368,3.88339798093643,3.73965157802199,4.05541575172821,3.93746922589943,4.05504867322437,3.78873358907738,3.64151854957038,4.10999246959273,3.81617056870212,3.65629243023709,4.0045224224169,3.82586999563422,3.90308583727322,3.91530206461924,3.82887997359941,3.87110360506425,3.68107016891477,3.63365241809663,3.83773548994975,3.97834047109709,3.90304436219034,4.05181729122087,3.99543967119223,3.91885367680915,3.88326974627851
"2","01",4.78644307103793,4.56901257659868,4.90301813992455,6.2067033542395,5.43730460344588,4.71407829645255,4.48060905795718,5.87887627222476,5.18702630720921,4.84880003938275,4.42415203659924,5.31066832315554,5.92158703744028,5.20148219610605,5.15674856534114,6.38452516317305,5.63891315043382,4.80764901977217,6.19754258042529,5.50071056530172,4.35142923452195,6.26046631968632,5.39164665168301,5.38589924341241,6.33583434570987,5.54601715333772,5.37422797612468,6.36372005197572,5.42171756286998
"3","02",3.49747826352925,3.69372154980347,3.73758935667738,3.34093068700146,3.26397375891903,3.48222470207973,3.52896524504174,0.310813728528622,0.432621548404312,3.59749140694209,3.4512703647978,3.79462789861798,-0.110104955286884,2.83833887385276,3.76446867308037,3.58471066129444,3.57986208864018,3.83614717691077,3.57101935929025,3.50633051311678,3.32926704107824,3.5000273611733,3.52315971200633,3.68937808498956,3.54380865394741,3.61353342759903,3.75357194403715,3.57640695890777,3.48394314362531
"4","03",6.20289023798358,5.38110210328318,5.25832901931562,6.16317829715115,6.18348360999778,6.22967694588498,4.96903478115165,6.00152452332347,6.16513096593467,6.18336420653947,5.25122319973396,5.59189659372651,6.01306697175013,6.04571373575402,5.33119112599286,6.14476710819047,6.17883684961459,5.21662774854491,6.00936382253623,6.22310762764315,4.88098862394087,6.15419766947702,6.16444948498869,5.61332248967146,6.21600633174276,6.30433378822685,5.58030788180022,6.12143039803937,6.25894268391138
"5","04",3.65310301949961,5.53372642213738,5.13332382194409,3.75641499571497,3.48232619066104,3.55863593390115,5.42706752123544,3.55264547679979,3.61453960805273,3.81091340721298,5.02525334979635,4.83183039074546,3.41709025485952,3.24190217078817,5.21681629964134,3.77118523134213,3.53799302921821,5.45926439263671,3.72097181732005,3.32764111594695,5.38892651671066,3.58955497030587,3.32729673175123,4.83454846983306,3.7572071625009,3.46601165679032,4.9057790216094,3.80285252077182,3.25354047988413
"6","05",5.35330156493248,5.44755112928003,5.4376887696998,5.28877654519148,4.84306320794746,5.33348091483247,5.32917719294249,5.58124220714227,2.04410135949844,5.40095361591736,5.30109855639105,5.30728147539309,4.84315851279512,3.96616709989365,5.30050161592198,5.28363003229183,5.05142789814016,5.36098850353193,5.27121702788796,5.08934080250767,5.14231635513183,5.26491040142083,5.08663870477582,5.36582005920652,5.34897384743996,5.1613029334781,5.27111851923279,5.07180264772896,5.13998151107301
"7","06",5.39826143202918,5.39470020486073,5.38045257414832,5.33232850515951,5.40360653152231,5.39083971439338,5.38704812431856,1.39565155286284,5.54112542621472,5.4409569499332,5.37457671987395,5.42870570560512,4.54183796005714,5.4093350057527,5.39789461354902,5.4462858567817,5.44800217950455,5.41369365928152,5.55470643094978,5.52326239796781,5.35666561584742,5.4437241953111,5.42036796309523,5.3538300529513,5.40476515354595,5.44436465643773,5.41073933385187,5.41504135116221,5.47830813944346
"8","07",4.67956757775331,4.76857127530375,4.76116744605925,4.49107068683883,4.70449884281937,4.67924149479764,4.62317005216636,1.32180966184595,5.26184350964455,4.67197107231699,4.67591688280874,4.73840593370304,1.11524522870518,4.38118560603316,4.71915155120871,4.59625655873621,4.67840812106865,4.79458909873327,4.63950699824934,4.66248893646978,4.65864786960582,4.5883669179601,4.66000433007188,4.7207745580096,4.60485351364948,4.67903951686314,4.70653310805359,4.53151403602112,4.66582195917812
"9","08",-1.46711529244862,-1.44229986926713,-2.36837393742884,-0.374218389822425,-1.44613504877169,-1.68851566410993,-2.64853876431582,-0.899596967473804,-0.663983746293138,-0.807674189782619,-1.94700673275653,-0.635284135479558,-1.13589370192241,-2.68444066491597,-1.03900490514939,-1.51848709886364,-1.52663878946315,-1.03605733695785,-2.27239945376211,-2.35999735753139,-2.68773718859778,-2.71350773159842,-2.53274270395053,-1.4888000242824,-1.27096068701427,-1.55407045131877,-0.909597683503833,-1.03279275902404,-2.41100367795559
"10","09",5.67277913310521,5.60353023486755,5.52894975632086,5.41803898146048,5.84563160408438,5.72569938121724,5.822630432042,6.01904885339101,6.08943461324177,5.61205275962283,5.63903312262369,5.81004256644974,6.37869874924629,6.54146542775923,5.8517098151198,5.45872996868041,5.61740639957773,5.74704323568461,5.30877599482797,5.51476995563679,6.12305932210817,5.3865939409676,5.47452666398225,5.72512980887876,5.48629401963431,5.39640328492746,5.80898267038102,5.78636662820615,5.52469534089882
"11","10",5.38771255981017,5.410644875881,5.43166714126205,5.33094713766493,5.31671532777529,5.37607396881369,5.36967851760076,4.95867408403738,5.4113772031055,5.38231025355987,5.37716445243551,5.40886935321131,1.29053894157612,5.19708830955825,5.33664027851483,5.43543333683762,5.40161354100781,5.44603088641292,5.48574318933513,5.41317608419334,5.3584817258605,5.41528729523665,5.42537316102929,5.34936981028581,5.36592283737692,5.47478624113945,5.33970048022501,5.27873783742841,5.45119414887818
"12","11",4.597421978965,4.71059497505467,4.8675677885379,4.58369905732163,4.20911967083253,4.66208282655745,4.72294814291379,1.21336424139025,1.54611959910205,4.76938540026114,4.72158899444189,4.84921372721088,4.13610682220458,3.54674537616888,4.88842651926283,4.74712567816257,4.65006860839911,4.92191002124269,4.75605604729444,4.68462010241641,4.6818314503147,4.72729506290275,4.59196812477791,4.82699999360608,4.69366981838137,4.73165714192408,4.78565263209046,4.7024288145122,4.65888080634617
"13","12",-1.22193693074044,-1.02977511343012,-2.07269155298504,-0.762827971450172,-0.902595573451149,-1.55052403992249,-2.2404058514701,-0.677753178072728,-0.127934290981856,-0.536481950058025,-1.29849885309326,-0.501425112816547,-0.887660629793199,0.837289318706318,-0.792853251801525,-1.13123509703157,-1.10371169449168,-0.836145418098932,-1.81951391953946,-2.08214193201677,-2.22729919956264,-2.02028777156226,-2.14647075600496,-1.18586234509746,-0.943313572615762,-1.26407279815901,-0.631460898438389,-0.58027363889307,-2.12081851616144
"14","13",6.74296450435166,6.81691728787264,6.17499903766346,5.99926126620148,6.26542460593518,6.73168461584344,6.34985012399404,5.8061023094263,5.96626202555703,6.75526833070849,6.62119973195909,6.64478289818189,6.11537480017327,6.70033751349312,6.87787787683738,5.94742592960609,6.02265303420409,6.78609945871801,5.35346954995826,5.8147072743251,6.58333884750109,5.92564632030451,5.68807522479553,6.7749132191686,6.05366950473075,5.97469514336237,6.77489691146486,6.17794192750659,5.84661979683993
"15","14",2.43555558062891,4.66319058857787,1.82212345562584,2.85190019926343,2.42604394141236,2.24032322727408,1.83054168630817,2.76442182258844,3.01036839558455,2.73738516022512,4.51837579772435,2.7038921525125,2.49956033117496,2.06757582643556,2.56179428987463,2.61979630340506,2.48822579744688,2.83759004904473,2.4756298374734,2.17902196131796,1.63875157945564,2.17619662191618,2.00882640602623,2.35896621791156,2.71825892862637,2.53472282475005,2.72732947855002,2.92663586329253,2.03093437068283
"16","15",5.89642138536235,7.93341372297454,6.21144100618218,5.7783321039564,5.80341831366487,5.84921017099283,6.22224766172961,5.78632885733748,5.67029136500202,5.90666236655362,7.68960115832775,5.81086561123132,5.38078399214915,5.71337790953219,6.06000476820925,5.85042453937674,5.83041755938942,6.44556112598864,6.04062915839449,5.96010164823544,6.28668786028666,5.86110053659567,5.83155142630283,5.80651417909801,5.84103470741033,5.8514591983516,5.81242708343523,5.80307988570371,5.88529603693523
"17","16",4.23652097573887,4.58404802883372,4.79450830820809,3.76455338663562,3.11259294398136,4.25824470309091,4.49999126882138,2.03621248262459,1.94750673839752,4.41901353214389,4.52773955951896,4.45173663118017,2.10475193372893,0.0791593735557025,4.5513157229374,3.97974578212098,3.58149336624896,4.59460239347995,3.8542662713472,3.69426508345467,4.55829528018925,3.85430452139705,3.30017104807659,4.49013011582382,3.8766842487568,3.68191579263852,4.3843585851672,3.79641491542463,3.53911504412638
"18","17",6.16139471850577,5.84037234020491,6.39288043590673,5.36791161238611,4.51594591750119,6.1895944430185,5.9776131793798,5.17042036503407,5.04490391818675,6.29903654479022,5.84460497323159,6.34586087281802,5.72149592679814,4.14270216197455,6.19958353062171,5.1956726638777,4.72709816410678,6.05542749279854,4.90230852482108,4.5898107253437,6.00707032774548,5.10390421675805,4.34639499300939,6.36198391433755,5.29438381010937,4.6101739221769,6.33310147370978,5.27615932782249,4.41663060027163
"19","18",5.60098922843489,5.40360294389892,5.49778670116777,6.31163126160053,5.70598921150965,5.54332298018832,5.14632487749612,6.59081832943663,3.40716165069757,5.61421194471825,5.33326575688611,5.66282620452205,6.40620389089188,5.33873009464411,5.41780388252345,6.27289492138156,5.86713347982048,5.50118232690507,6.28737099537349,5.91167292509427,5.31539029812601,6.32554462746409,5.85057346395876,5.71490104487482,6.27839777623689,5.94955507395906,5.58830323992894,6.2063938038627,5.84806486758623
"20","19",7.37630934494874,7.13626040420535,6.25725263341933,7.09635252795723,7.09599859019042,7.37803511552342,5.93078355975911,6.55826348867259,6.40233481952045,7.37277903249858,7.00424217943065,6.62810538285161,6.77019333734478,6.92807044661357,6.44135724588943,6.9800415364497,7.05992318366553,6.42291938956449,6.74410509531118,7.01603010469844,5.83604767085839,7.00271931039532,6.94817416497039,6.68776845844732,7.16905249771631,7.05881699777753,6.65279079737038,7.08228690237082,7.01719471052719
"21","20",5.55270246378167,6.45538774897938,6.18841048811695,5.13090850305679,5.30956854837839,5.49921589879694,6.4172470125347,2.86704140276416,5.44308142948878,5.51226886358528,6.31748228358377,6.0227109198641,5.31023458654907,5.42024415096852,6.26366934800397,5.27773140663029,5.28211161372954,6.48756352063184,5.28876049311669,5.27482544747908,6.53864612145657,5.36450553981981,5.18508424358452,6.05108025927169,5.29144707879764,5.23041481075983,6.0762348031438,5.29974518785133,5.28414939445155
"22","21",6.12399668039185,6.15432841659248,5.9335170034086,5.45931781072529,6.10719991277469,6.14869686594903,6.20949746836711,5.97520707026828,6.24141738429613,6.08357845044776,6.05529469427306,6.24101187325787,6.09802833920227,6.77593464481937,6.32314640962973,5.47236567137448,5.83748594577232,6.28235822189947,5.14936970490073,5.73379758271411,6.48813087893259,5.38656171223272,5.66656449257539,6.27801482243534,5.60603635154971,5.63484866312232,6.24184460372354,5.91616929765891,5.74006058422009
"23","22",5.31315330497588,6.37280626138812,6.17783754746972,5.532036618992,5.10181421912111,5.31380287236078,6.38544674793058,5.41692704355737,3.27789336148756,5.29799804976476,6.29454860041718,5.97659993696853,5.4596146838734,5.12877343698804,6.18607591934768,5.54295801333224,5.18058491231156,6.4041419268865,5.62551914527947,5.3753125011621,6.36791235772001,5.50683646541,5.15385264747337,6.09007596532935,5.49295996070196,5.28552530619278,5.95441815308189,5.53523659169636,5.37525558617182
"24","23",6.82876422320068,6.3462403297855,5.99291673013005,6.23833275516379,6.48109254408959,6.87633255884981,5.70400577099725,5.60619068591454,6.19865145675707,6.61266512040857,6.07232923987451,6.20015001937328,6.2550825631124,6.78172712661238,6.4205260550844,6.09726633979842,6.33319882670754,6.25428231085703,5.4251729156651,6.19335940028084,5.99528502049734,5.9061488301156,6.00658477556311,6.41276455848464,6.28668520262166,6.24900204759521,6.3783023404464,6.30364502090776,6.18526034013725
"25","24",5.93594183016806,5.50311906788957,5.42926722256442,5.53399150697108,5.94543303342009,5.96769052441689,5.44342849473155,6.29263470962343,6.33707344160511,5.75025275724009,5.3021270887485,5.18311992209486,6.33704894795864,5.98107889662514,5.22877766412687,5.58441651907984,5.62055077170732,5.06825073924183,5.3194256393366,5.46891034743486,5.36733664475559,5.57334868544102,5.67673248865519,5.45044146412095,5.65988809537448,5.68422074315799,5.18836441422626,5.25260881807696,5.85120706301087
"26","25",5.96895011805745,6.14601311514109,6.09955996612715,5.98211026252249,5.75322335565669,6.04221697293119,6.22998421834776,6.90203314166556,6.29930399374385,5.92324518249495,5.88113831606673,5.52111899893294,6.65411374208453,5.59231561978122,5.79075453329965,5.75789236818917,5.51867332154966,5.91549588269716,5.69558071874602,5.2896126579598,6.29077952832416,5.90873493210953,5.60608369059829,5.95330623953154,5.84859615156412,5.71744490334867,5.51017608044066,5.40441144278237,5.77520229391529
"27","26",6.29491237573125,5.89748422159044,5.48247666975277,5.98124344747982,6.25672300278034,6.32138650819359,5.3026125068567,6.04967454018376,6.47043153764358,6.17001376817405,5.86601880309474,5.93350540793294,6.44448316186246,6.7647207727229,5.88138559963616,5.85329944208821,6.15539294136161,5.77515289807437,5.40895680856642,5.98249528240208,5.64017114668133,5.79631603310121,5.96437324793158,5.95218084695484,5.94796536895424,6.04001963012456,6.1019481634381,6.15316126046844,6.0833473438815
